source,target,relation
Onetwothreeip,MelanieN,1
Mandruss,Alexceltare2,1
Onetwothreeip,1990'sguy,1
MelanieN,1990'sguy,1
ValarianB,NaBUru38,1
Ivanvector,Alvin,1
Politicsfan4,Politicsfan4,1
Politicsfan4,Space4Time3Continuum2x,1
Mandruss,Politicsfan4,2
Mandruss,Boneyard90,1
Onetwothreeip,Kieran207,1
Mandruss,GoodDay,4
Slatersteven,Chaheel,1
Chaheel Riens,Jack,1
Jack Upland,Starship.paint,1
Davey2116,Onetwothreeip,1
SPECIFICO,Ceedub88,1
Ainlina,Politicsfan4,1
Bdushaw,SPECIFICO,1
SPECIFICO,Onetwothreeip,4
Onetwothreeip,SPECIFICO,2
SPECIFICO,Mandruss,1
SPECIFICO,Jack,3
Mandruss,Jack,2
AleatoryPonderings,Jack,1
Ivanvector,Ciaran.london,1
Ciaran.london,Ciaran.london,1
Mandruss,Czello,1
Czello,Escape,1
Escape Orbit,Jeromi,1
Slatersteven,DanJWilde,1
Mandruss,Soibangla,2
GorillaWarfare,Mandruss,1
Mandruss,Mandruss,1
Mandruss,Tobby72,3
ValarianB,Sa57arc,1
Mandruss,Starship.paint,2
LeftiePete,LeftiePete,1
LeftiePete,LeftiePete,1
Ivanvector,Pennsylvania2,1
Space4Time3Continuum2x,Pennsylvania2,1
Thorpewilliam,Space4Time3Continuum2x,1
Thorpewilliam,Thorpewilliam,1
Thorpewilliam,Mandruss,1
Mandruss,Thorpewilliam,2
Thanoscar21,Thorpewilliam,1
Mandruss,Mgasparin,2
Mandruss,UltraBee,1
Slatersteven,Ciaran.london,1
Mandruss,Bergeronpp,1
Soibangla,Bergeronpp,1
Ɱ,Ɱ,1
Ɱ,PackMecEng,1
SPECIFICO,Ɱ,1
PackMecEng,Soibangla,3
Muboshgu,Jeppiz,1
GorillaWarfare,Catholic,1
力,Lafayette,2
Lafayette Baguette,Lafayette,2
DannyS712,Lafayette,1
Emir of Wikipedia,Bergeronpp,1
Mandruss,Michaelwuzthere,1
Alcaios,UpdateNerd,1
Mandruss,KingSkyLord,1
Mandruss,JLo-Watson,1
Drdpw,Dash77,1
Mandruss,Tenebrae,1
MFlet1,842U,1
Czello,Space4Time3Continuum2x,1
GorillaWarfare,LXM,1
Zingarese,LXM,1
Neutrality,LXM,1
Slatersteven,AjayTO,1
Jr8825,AjayTO,1
Jr8825,Thorpewilliam,1
Thorpewilliam,Slatersteven,1
Objective3000,Helterclark,1
Jr8825,Helterclark,1
Slatersteven,Thorpewilliam,1
Mandruss,Thent1234,1
Mandruss,Rock-O-Jello,1
Objective3000,Rock-O-Jello,1
Jr8825,Jkerrigan8,2
Jr8825,implying,1
Mandruss,WEBDuB,1
Jr8825,Ka-Ping,1
Zingarese,Jkerrigan8,1
Jr8825,Srodgers1701,1
Neveselbert,Grassynoel,1
Mandruss,Hoponpop69,2
GoodDay,Mandruss,1
Buufin,Mandruss,1
Emir of Wikipedia,Mandruss,1
Adam9007,NewEnglandPatriots1998,1
Mandruss,Rosenborg,1
Chaheel Riens,Spartan7W,1
Samwalton9,Wikibenboy94,1
Mandruss,Almostangelic123,1
Vanamonde93,Onghai1929,1
Mandruss,Carewser,1
Praxidicae,AbelAndCain,1
Humanengr,Radiohist,1
Davey2116,SNUGGUMS,1
Onetwothreeip,MONGO,1
MONGO,MONGO,1
Bdushaw,Gerald,1
Neutrality,Jack,1
Mandruss,NPalgan2,1
Scjessey,Sergei,1
Onetwothreeip,Mandruss,1
Scjessey,Tobby72,1
Mandruss,PickleG13,1
HaeB,Tobby72,1
Mandruss,Pompous,1
Space4Time3Continuum2x,Pompous,2
Jack Upland,Jason,1
Starship.paint,Starship.paint,1
Mandruss,Feoffer,3
Onetwothreeip,Donkey,1
Mandruss,Wikieditor19920,1
Mandruss,ANG99,1
ANG99,ANG99,1
Space4Time3Continuum2x,ANG99,1
Space4Time3Continuum2x,Space4Time3Continuum2x,1
Mandruss,Emir,1
Soibangla,Onetwothreeip,1
Space4Time3Continuum2x,Onetwothreeip,14
Space4Time3Continuum2x,Kvwiki1234,1
Mandruss,Dr.,1
MelanieN,Dr.,1
Space4Time3Continuum2x,Feoffer,1
Space4Time3Continuum2x,Space4Time3Continuum2x,1
Space4Time3Continuum2x,Space4Time3Continuum2x,1
Mandruss,TheEpicGhosty,1
Mandruss,Dhruvh,1
Mandruss,Personisgaming,1
Onetwothreeip,Personisgaming,1
Cullen328,Devonian,1
Coffeeandcrumbs,Cartoon,1
Jdcomix,TedEdwards,1
Tartan357,UpdateNerd,1
UpdateNerd,UpdateNerd,1
Awesome Aasim,Sdkb,1
Larry Hockett,NelsonLee20042020,1
Sdkb,Sdkb,1
Benjamin.P.L,William,1
William S. Saturn,Benjamin.P.L,1
Francesco 13,Francesco,1
Onetwothreeip,Thorpewilliam,1
Onetwothreeip,Popcornfud,1
Zzuuzz,KingOpti101,1
Onetwothreeip,PackMecEng,1
Mandruss,DSbxgMMA,1
Koreanovsky,Koreanovsky,1
Koreanovsky,Koreanovsky,1
Space4Time3Continuum2x,Keepcalmandchill,2
Bdushaw,Bdushaw,1
Bdushaw,Bdushaw,1
Bdushaw,TheGEICOgecko,1
SPECIFICO,Display,1
QQJJ,Supreme,1
Supreme Deliciousness,Tristan,1
Tristan Surtel,Supreme,1
Space4Time3Continuum2x,Supreme,1
Bdushaw,Mandruss,1
Mandruss,Mandruss,1
Mandruss,Tristan,1
Space4Time3Continuum2x,Tristan,1
MrX,Brogo13,1
Emir of Wikipedia,Sdkb,1
Mandruss,Sdkb,1
ValarianB,BLDM,1
BLDM,Mandruss,1
Mandruss,BLDM,1
BLDM,Space4Time3Continuum2x,1
Space4Time3Continuum2x,Space4Time3Continuum2x,1
Mandruss,Angus1986,1
JLo-Watson,Angus1986,1
Mandruss,Ɱ,1
MrX,Scjessey,1
JFG,Scjessey,1
Scjessey,Emir,1
Bdushaw,LilBillWilliams,1
Mandruss,LilBillWilliams,1
Scjessey,Fluffy89502,1
Mandruss,CatcherStorm,1
Space4Time3Continuum2x,CatcherStorm,1
Mandruss,Ceedub88,2
Mandruss,Beyond,1
BlacknoseDace,Brogo13,1
MrX,Muboshgu,1
Muboshgu,NapoleonX,1
Emir of Wikipedia,Space4Time3Continuum2x,1
פֿינצטערניש,Davefelmer,1
MrX,Hairy,1
Mandruss,BagInACampfire,1
Emir of Wikipedia,X4n6,1
MrX,MelanieN,2
MrX,X4n6,1
Mandruss,The,1
JFG,Emir,1
Mandruss,American,1
American In Brazil,Mandruss,1
UpdateNerd,UpdateNerd,1
Mandruss,Hipocrite,1
Hipocrite,Hipocrite,1
Mandruss,Factfanatic1,1
Space4Time3Continuum2x,Space4Time3Continuum2x,1
Space4Time3Continuum2x,Space4Time3Continuum2x,1
Space4Time3Continuum2x,Markbassett,1
Mr Ernie,Tktru,1
MrX,Bdushaw,2
Scjessey,פֿינצטערניש,1
HaeB,פֿינצטערניש,1
Onetwothreeip,Jack,1
JFG,CookieMonster755,1
Mandruss,Ibn,1
Emir of Wikipedia,פֿינצטערניש,1
Mandruss,Onetwothreeip,1
JzG,MyPreferredUsernameWasTaken,1
MyPreferredUsernameWasTaken,Mandruss,1
Mandruss,MyPreferredUsernameWasTaken,1
Space4Time3Continuum2x,Space4Time3Continuum2x,1
Lindenfall,Ceedub88,1
Calidum,Ceedub88,1
Trappist the monk,Thomasmeeks,1
SPECIFICO,JFG,8
HaeB,Bzweebl:,1
Mandruss,Speed74,1
JFG,Lethweimaster,1
Urgal,Lethweimaster,1
Urgal,Scjessey,1
Urgal,Brogo13,1
Mandruss,JerzyA,1
Mandruss,EsotericJoe,1
Mandruss,SK2242,1
Scjessey,Starship.paint,1
Space4Time3Continuum2x,Space4Time3Continuum2x,1
Space4Time3Continuum2x,Space4Time3Continuum2x,1
Space4Time3Continuum2x,Space4Time3Continuum2x,1
Space4Time3Continuum2x,Space4Time3Continuum2x,1
MrX,MrX,1
MrX,MrX,1
Space4Time3Continuum2x,MrX,1
Mandruss,JHunterJ:,1
Objective3000,Urgal,1
MrX,Starship.paint,1
Mandruss,Cesdeva,1
JFG,Thanoscar21,1
Mandruss,Nightscream,2
SPECIFICO,MyPreferredUsernameWasTaken,1
MyPreferredUsernameWasTaken,MyPreferredUsernameWasTaken,1
Space4Time3Continuum2x,Space4Time3Continuum2x,1
Praxidicae,Mareisland03,1
Mandruss,Iamreallygoodatcheckers,1
MelanieN,Iamreallygoodatcheckers,1
Mandruss,Kolya,1
JLo-Watson,Kolya,1
Space4Time3Continuum2x,Verdana,1
Mandruss,DaveTheBrave,1
Mandruss,Starzoner,1
Mandruss,RandomUserGuy1738,1
Space4Time3Continuum2x,Thanoscar21,1
Bastun,JFG,1
Davey2116,JFG,1
Scjessey,EditQwerty,1
Scjessey,Brogo13,1
Mandruss,Brogo13,1
Onetwothreeip,Space4Time3Continuum2x,1
Purplebackpack89,JLo-Watson,1
Wow,J.S.,1
Zingarese,Mandruss,1
Space4Time3Continuum2x,Space4Time3Continuum2x,1
Mandruss,Mandruss,1
Yeungkahchun,Yeungkahchun,1
Muboshgu,Yeungkahchun,1
Mandruss,Purplebackpack89,1
Boing! said Zebedee,Bakir123,1
Mandruss,John,1
PackMecEng,X1\,1
X1\,JFG,1
X1\,Markbassett,1
Markbassett,Markbassett,1
X1\,PackMecEng,1
Markbassett,X1\,1
DannyS712,Lorromorro,1
Mandruss,J4lambert,1
Scjessey,Llewee,1
Mandruss,Llewee,1
Mandruss,Nannochloropsis,1
Scjessey,Tpdwkouaa,1
Tpdwkouaa,Tktru,1
MelanieN,Tktru,1
SPECIFICO,Markbassett,1
Mandruss,Spy-cicle,1
Starship.paint,Starship.paint,1
Galobtter,ZiplineWhy:,1
Objective3000,Mandruss,1
ValarianB,Onghai1929,1
JFG,JzG,1
Mandruss,Wrath,1
MrX,Mandruss,1
Scribatorian,Space4Time3Continuum2x,2
Mandruss,НСНУ:,1
Objective3000,Space4Time3Continuum2x,1
Scjessey,Mandruss,1
SUM1,Mandruss,1
Mandruss,SUM1,1
SUM1,SUM1,1
HaeB,Markbassett,1
Wikieditor19920,Wikieditor19920,1
Mandruss,Scribatorian,1
Markbassett,Markbassett,1
Mandruss,Matt,2
Spy-cicle,Ergo,1
Space4Time3Continuum2x,Ergo,1
Space4Time3Continuum2x,Space4Time3Continuum2x,1
PackMecEng,Space4Time3Continuum2x,2
Valjean,Onetwothreeip,1
Space4Time3Continuum2x,Space4Time3Continuum2x,1
ZimZalaBim,Cpotisch,1
Onetwothreeip,Rosguill,1
MrX,SPECIFICO,1
Davidwr,Davidwr,1
Davidwr,Davidwr,1
MrX,Mandruss:,2
Mandruss,Bakir123,1
Malerooster,Reaganomics88,1
Mandruss,JFG,1
PackMecEng,Brogo13,1
Eyer,Brogo13,1
MelanieN,Brogo13,1
PackMecEng,PackMecEng,1
PackMecEng,SPECIFICO,1
SPECIFICO,Rusf10,1
Rusf10,Tataral,1
Quisqualis,Wrath,1
Space4Time3Continuum2x,Space4Time3Continuum2x,1
MelanieN,Space4Time3Continuum2x,1
Mandruss,Beland,1
Mandruss,ATC,1
SPECIFICO,PackMecEng,1
MrX,Space4Time3Continuum2x:,1
Space4Time3Continuum2x,Space4Time3Continuum2x:,1
Space4Time3Continuum2x,Space4Time3Continuum2x,1
Mandruss,Adrianwo,1
Markbassett,SPECIFICO,1
Jakesyl,Jakesyl,1
JFG,SPECIFICO,1
Triggerhippie4,Davidgoodheart,1
Acekard,Acekard,1
Acekard,MrX,1
Mandruss,Alborzagros,1
Markbassett,Alborzagros,1
JFG,JFG,1
Jack Upland,Soibangla,1
